breach_id,return_period,log_damage
1,400000,5.673323267171493
14,125,3.970291913552122
14,1250,4.189654742026425
14,12500,4.406719247264253
25,125,7.244941546337007
25,1250,7.696667081526462
25,12500,8.160803920954665
185,10000,9.392745258631441
185,100000,10.043292972227004
191,125,10.085850775128717
191,1250,10.373522431293592
191,12500,10.463131911491967
205,125,8.537191877922927
205,1250,8.81001204797317
205,12500,9.305741456739435
212,1250,3.6888794541139363
213,1000,6.566672429803241
213,10000,6.647688373563329
213,100000,6.7464121285733745
213,1000000,6.846943139585379
214,1000,4.709530201312334
214,10000,4.948759890378168
214,100000,5.14166355650266
214,1000000,5.25227342804663
220,125,9.472781556562168
220,1250,10.085850775128717
220,2000,10.165890277802454
381,125,10.434145214930487
381,1250,10.518700218288165
381,12500,10.596659732783579
382,200,9.392745258631441
382,2000,9.254443790963506
382,20000,8.77971129020447
383,200,7.56916638125554
383,2000,7.794807630794439
383,20000,7.741099090035366
384,200,8.037395757987298
384,2000,8.1505002271488
384,20000,8.03947991910045
385,400,2.4849066497880004
385,4000,3.1780538303479458
385,40000,3.4965075614664802
386,125,1.9459101490553132
386,1250,2.0794415416798357
386,12499,2.1972245773362196
392,125,8.131824785007195
392,1250,8.343077871169383
392,12500,8.79497643168877
393,-9999,8.24301946898925
393,125,4.709530201312334
393,1250,6.311734809152915
395,400,1.791759469228055
395,4000,3.367295829986474
395,40000,4.110873864173311
405,1250,9.852246888342531
405,12500,10.085850775128717
407,1250,2.1972245773362196
407,12500,2.302585092994046
429,-9999,8.716207971151853
429,125,6.255750041753367
429,1250,7.313886831633462
430,125,7.170888478512505
430,1250,7.3783837129967145
430,12500,7.601402334583733
435,400,5.442417710521793
435,4000,7.313886831633462
435,400000,5.916202062607435
442,2000,9.680406499268875
442,20000,9.798182590890704
443,2000,9.472781556562168
443,20000,9.61587214452889
444,2000,9.61587214452889
444,20000,9.680406499268875
486,125,9.169622538697624
486,1250,9.305741456739435
486,12500,9.305741456739435
487,1250,8.79497643168877
487,12500,8.895766604056085
490,100000,3.295836866004329
490,1000000,5.707110264748875
491,125,8.216358332386156
491,1250,8.131824785007195
491,12500,7.972810784121404
540,2000,7.244941546337007
541,4000,1.3862943611198906
541,40000,4.174387269895637
542,4000,2.995732273553991
542,40000,3.8501476017100584
543,1000,6.523562306149512
543,10000,6.769641976852503
543,100000,7.0909098220799835
543,1000000,7.313886831633462
544,100,7.496097345175956
544,1000,9.305741456739435
544,10000,9.301596978689506
544,100000,9.61587214452889
545,10000,7.696667081526462
545,100000,8.556606193773073
545,1000000,9.15915233520675
546,2000,8.79497643168877
546,20000,9.071193240566025
554,400,4.61512051684126
554,4000,4.948759890378168
554,40000,5.442417710521793
555,125,7.0909098220799835
555,1250,7.3783837129967145
555,12500,7.550135342488429
556,125,9.036106025364846
556,1250,9.392745258631441
556,12500,9.472781556562168
557,125,6.898714534329988
557,1250,7.313886831633462
557,12500,7.601402334583733
601,1250,9.90353755128617
601,12500,10.12667110305036
602,125,6.90875477931522
602,1250,7.0909098220799835
602,12500,7.170888478512505
603,125,7.741099090035366
603,1250,8.294299608857235
603,12500,9.012011377036412
604,125,6.042632833682381
604,1250,7.901377353792616
604,12500,8.881975184248867
605,-9999,10.239995502805316
605,125,8.630700432209832
605,1250,9.680406499268875
637,400,6.398594934535208
637,4000,6.508769136971682
637,40000,6.769641976852503
637,400000,7.00397413672268
638,400,6.19644412779452
638,4000,6.621405651764134
638,40000,7.00397413672268
638,400000,7.313886831633462
639,400,6.415096959171596
639,4000,7.244941546337007
639,40000,7.601402334583733
639,400000,8.24301946898925
640,400,6.710523109452428
640,4000,7.0909098220799835
640,40000,7.3783837129967145
640,400000,7.783640596221253
641,400,5.968707559985366
641,4000,7.313886831633462
641,40000,7.650168700845001
641,400000,7.972810784121404
642,400,4.499809670330265
642,4000,4.605170185988092
642,40000,5.198497031265826
642,400000,6.175867270105761
643,400,5.5254529391317835
643,4000,5.638354669333745
643,40000,6.018593214496234
643,400000,6.415096959171596
644,400,5.14166355650266
644,4000,5.442417710521793
644,40000,5.673323267171493
644,400000,5.993961427306569
645,400,5.442417710521793
645,4000,6.3818160174060985
645,40000,6.85751406254539
645,400000,7.496097345175956
646,400,5.831882477283517
646,4000,6.85751406254539
646,40000,7.00397413672268
646,400000,7.496097345175956
647,400,7.313886831633462
647,4000,9.127067452782361
647,40000,9.392745258631441
647,400000,9.61587214452889
648,400,6.3818160174060985
648,4000,8.699681400989514
648,40000,8.839421607620602
648,400000,8.962007209588313
649,400,5.771441123130016
649,4000,7.650168700845001
649,40000,7.937731775260109
649,400000,8.24301946898925
654,4000,2.1972245773362196
654,40000,2.302585092994046
690,125,5.303304908059076
690,1250,6.19644412779452
690,12500,6.55250788703459
691,125,4.948759890378168
691,1250,5.351858133476067
691,12500,5.5254529391317835
692,125,7.313886831633462
692,5000,8.682877107057168
692,12500,8.665785595466064
693,2000,6.90875477931522
693,20000,7.00397413672268
695,2000,6.089044875446846
695,20000,6.825460036255307
697,2000,4.406719247264253
697,20000,4.796131935750656
697,200000,4.948759890378168
698,2000,7.650168700845001
698,20000,7.824445930877619
698,200000,7.741099090035366
699,2000,4.30406509320417
699,20000,5.075677015955349
699,200000,4.61512051684126
700,2000,7.824445930877619
700,20000,8.101980731853192
700,200000,7.972810784121404
701,2000,6.018593214496234
701,20000,6.089044875446846
701,200000,6.111467339502679
702,1250,9.798182590890704
702,12500,10.043292972227004
740,125,9.546884034617925
740,1250,9.61587214452889
741,200,4.875197323201151
741,2000,5.017279836814924
741,10000,5.081404364984463
742,200,3.044522437723423
742,2000,3.1780538303479458
742,10000,3.1354942159291497
743,1250,8.188966863648876
743,10000,9.04793908261736
744,-9999,9.741027444837728
745,125,9.546884034617925
745,1250,9.61587214452889
745,12500,9.680406499268875
746,400,5.638354669333745
746,4000,5.739792912179234
746,40000,5.831882477283517
746,400000,5.916202062607435
747,4000,4.48863636973214
747,400000,5.916202062607435
748,400,4.795790545596741
748,4000,5.081404364984463
748,40000,5.14166355650266
748,400000,5.25227342804663
750,1000,7.438971592395862
750,10000,7.650168700845001
750,100000,7.8636512654486515
750,1000000,8.006700845440367
751,200,6.734591659972948
751,2000,7.3783837129967145
751,20000,7.824445930877619
762,125,9.392745258631441
762,1250,9.680406499268875
762,12500,9.798182590890704
763,1250,3.9512437185814275
763,12500,5.602118820879701
766,125,3.7376696182833684
766,1250,3.7376696182833684
766,10000,4.382026634673881
767,4000,1.791759469228055
767,40000,2.995732273553991
767,400000,4.0943445622221
770,4000,4.553876891600541
770,40000,4.709530201312334
770,400000,5.081404364984463
847,400,5.303304908059076
847,4000,5.3981627015177525
847,40000,5.484796933490655
847,400000,5.5254529391317835
848,125,9.852246888342531
848,1250,10.165890277802454
848,12499,10.275085591132715
910,1250,9.852246888342531
910,12500,10.085850775128717
911,1250,8.366602832783736
911,12500,8.594339400592892
912,1250,8.575650760987806
912,12500,8.81001204797317
934,400,6.236369590203704
934,4000,6.792344427470809
934,40000,7.438971592395862
935,200,5.707110264748875
935,2000,6.398594934535208
940,200,5.602118820879701
940,2000,5.638354669333745
940,20000,5.802118375377063
940,199999,6.111467339502679
961,1000000,7.0909098220799835
962,10000,3.5263605246161616
962,100000,4.709530201312334
963,1250,7.901377353792616
964,125,6.78105762593618
964,1250,7.00397413672268
964,12500,7.0909098220799835
965,200,7.496097345175956
965,2000,8.03947991910045
965,20000,8.366602832783736
966,200,5.351858133476067
966,2000,5.739792912179234
966,20000,6.660575149839686
974,125,8.160803920954665
974,1250,8.839421607620602
974,12500,9.392745258631441
975,125,8.909370405197466
975,1250,9.012011377036412
975,12500,9.071193240566025
976,200,3.2188758248682006
976,2000,3.713572066704308
978,-9999,9.952325334619427
979,125,3.4339872044851463
979,1250,5.993961427306569
979,12500,6.3473892096560105
980,10000,7.273537862866534
981,10000,7.520289782161208
982,1000,10.085850775128717
982,10000,9.648145571052616
982,100000,10.12667110305036
983,4000,1.9459101490553132
985,4000,1.6094379124341003
986,4000,2.3978952727983707
987,4000,1.3862943611198906
988,4000,3.4657359027997265
990,125,5.916202062607435
990,1250,6.154858094016418
990,12500,9.546884034617925
991,125,9.798182590890704
991,1250,9.99884318585288
991,10000,10.12667110305036
992,400000,1.791759469228055
993,400000,1.6094379124341003
1067,125,9.472781556562168
1067,1250,9.741027444837728
1068,10000,9.392745258631441
1068,100000,10.043292972227004
1081,2000,2.302585092994046
1081,20000,2.3978952727983707
1081,200000,4.04305126783455
1082,2000,2.0794415416798357
1082,20000,3.14578456977916
1082,200000,3.6109179126442243
1083,4000,4.564348191467836
1083,40000,4.795790545596741
1083,400000,5.14166355650266
1084,4000,4.007333185232471
1084,40000,4.477336814478207
1084,400000,4.795790545596741
1085,4000,1.9459101490553132
1085,40000,3.269725624354962
1085,400000,3.8918202981106265
1086,4000,3.258096538021482
1086,40000,3.6375861597263857
1086,400000,4.564348191467836
1087,4000,4.127134385045092
1087,40000,4.438900196941288
1087,400000,4.709530201312334
1088,4000,3.091042453358316
1088,40000,4.2626798770413155
1088,400000,5.081404364984463
1089,4000,3.1354942159291497
1089,40000,3.58351893845611
1089,400000,4.0943445622221
1090,4000,2.3978952727983707
1090,40000,2.70805020110221
1090,400000,3.4339872044851463
1091,4000,1.0986122886681098
1091,40000,1.3862943611198906
1091,400000,1.6094379124341003
1092,400,6.68586094706836
1092,4000,6.898714534329988
1092,40000,7.00397413672268
1092,400000,7.00397413672268
1093,4000,7.00397413672268
1093,40000,7.0909098220799835
1093,400000,7.0909098220799835
1094,4000,3.58351893845611
1094,40000,4.110873864173311
1094,400000,4.564348191467836
1095,4000,1.791759469228055
1095,40000,2.0794415416798357
1095,400000,2.3978952727983707
1096,4000,3.2188758248682006
1096,40000,3.9889840465642745
1096,400000,4.61512051684126
1097,2000,3.6375861597263857
1097,20000,3.6888794541139363
1097,200000,4.04305126783455
1098,4000,8.31898612539206
1098,40000,8.423529382297993
1098,400000,9.082620630373812
1099,4000,8.38958706681109
1099,40000,8.247505225062291
1099,400000,8.999742789830492
1100,4000,8.497194544909547
1100,40000,8.262047008429636
1100,400000,9.04793908261736
1101,4000,7.696667081526462
1101,40000,8.038959692705115
1101,400000,8.936035096566041
1102,125,6.478509642208569
1102,1250,7.00397413672268
1102,12500,7.244941546337007
1103,125,1.6094379124341003
1103,1250,3.6635616461296463
1103,9000,4.553876891600541
1104,10000,6.8679744089702925
1105,125,7.696667081526462
1105,1250,8.412054873292933
1105,12500,8.665785595466064
1108,1000,6.46302945692067
1108,10000,7.00397413672268
1108,100000,7.170888478512505
1108,1000000,7.3783837129967145
1109,1000,6.7464121285733745
1109,10000,6.846943139585379
1109,100000,7.00397413672268
1109,1000000,7.170888478512505
1110,125,8.24301946898925
1110,1250,9.059633754551479
1110,12500,9.472781556562168
1111,125,7.496097345175956
1111,1250,7.741099090035366
1111,12500,7.937731775260109
1113,1250,9.680406499268875
1113,12500,9.392745258631441
1114,125,8.682877107057168
1114,1250,9.127067452782361
1114,12500,9.61587214452889
1115,125,7.901377353792616
1115,1250,8.497194544909547
1115,12500,8.867990898182093
1125,400,4.30406509320417
1125,4000,4.330733340286331
1125,40000,4.382026634673881
1125,400000,4.454347296253507
1127,10000,5.707110264748875
1127,100000,6.2166061010848646
1127,1000000,6.710523109452428
1128,125,8.612685172875459
1128,1250,8.999742789830492
1128,12500,9.105090961257085
1168,2000,2.302585092994046
1168,20000,2.5649493574615367
1168,200000,2.6390573296152584
1169,2000,1.0986122886681098
1169,20000,1.3862943611198906
1169,200000,1.6094379124341003
1170,2000,3.8501476017100584
1170,20000,4.127134385045092
1170,200000,4.3694478524670215
1171,2000,4.418840607796598
1171,20000,5.400185589442527
1171,200000,4.574710978503383
1172,2000,2.1972245773362196
1172,20000,2.8903717578961645
1172,200000,3.8066624897703196
1173,2000,2.772588722239781
1173,20000,3.6109179126442243
1173,200000,4.0943445622221
1174,2000,3.8918202981106265
1174,20000,3.9889840465642745
1174,200000,4.382026634673881
1175,100,3.6888794541139363
1176,100,4.1588830833596715
1177,100,6.825460036255307
1178,100,7.00397413672268
1179,100,4.276666119016055
1180,100,3.9318256327243257
1181,100,4.394449154672439
1182,100,4.31748811353631
1183,10000,7.0909098220799835
1184,10000,8.071218539969863
1185,10000,7.0909098220799835
1188,200,3.784189633918261
1188,2000,4.330733340286331
1188,20000,5.25227342804663
1188,200000,5.564520407322694
1189,400,5.602118820879701
1189,4000,7.00397413672268
1189,40000,7.3783837129967145
1189,400000,7.783640596221253
1207,1000,3.912023005428146
1207,10000,4.060443010546419
1207,100000,4.143134726391533
1207,1000000,4.2626798770413155
1215,125,4.418840607796598
1215,1250,4.605170185988092
1215,12500,4.709530201312334
1216,125,4.61512051684126
1216,1250,4.709530201312334
1216,12500,5.017279836814924
1218,125,9.392745258631441
1218,1250,9.392745258631441
1218,12500,9.472781556562168
1229,1250,10.085850775128717
1229,12500,10.34177474101152
1230,10000,9.210440366976517
1230,100000,9.852246888342531
1245,400,6.154858094016418
1245,4000,6.236369590203704
1245,40000,6.293419278846481
1245,400000,6.825460036255307
1246,200,7.650168700845001
1246,2000,8.412054873292933
1246,20000,8.497194544909547
1247,125,9.798182590890704
1247,1250,9.952325334619427
1247,12500,9.99884318585288
1250,400,5.351858133476067
1250,4000,5.484796933490655
1250,40000,5.5254529391317835
1250,400000,5.602118820879701
1269,200,3.8918202981106265
1269,2000,4.394449154672439
1269,20000,4.709530201312334
1269,200000,4.875197323201151
1283,2000,7.0909098220799835
1283,40000,7.496097345175956
1284,2000,7.937731775260109
1284,10000,8.071218539969863
1519,125,5.351858133476067
1519,1250,5.942799375126701
1519,12500,7.00397413672268
1522,125,9.99884318585288
1522,1250,10.491301994830229
1522,2000,10.545367754151743
1523,125,6.508769136971682
1523,1250,8.131824785007195
1523,12500,8.987321812850125
1524,1000,9.071193240566025
1524,10000,9.392745258631441
1524,100000,9.61587214452889
1524,1000000,9.90353755128617
1525,1000,6.710523109452428
1525,10000,6.85751406254539
1525,100000,7.313886831633462
1525,1000000,7.601402334583733
1526,125,8.748463629942055
1526,1250,9.680406499268875
1526,12500,10.239995502805316
1528,2000,7.438971592395862
1528,20000,8.412054873292933
1529,125,7.438971592395862
1529,1250,7.601402334583733
1529,12500,7.741099090035366
1546,125,9.392745258631441
1546,1250,9.741027444837728
1546,12500,9.852246888342531
1547,10000,8.556606193773073
1547,100000,9.082620630373812
1547,1000000,9.546884034617925
1548,200,5.14166355650266
1548,2000,5.484796933490655
1548,20000,5.860786223465865
1548,200000,5.942799375126701
1549,200,5.802118375377063
1549,2000,5.942799375126701
1549,20000,6.066108090103747
1549,200000,6.133398042996649
1550,200,2.4849066497880004
1550,2000,4.204692619390966
1550,10000,4.61512051684126
1568,1000,6.7226297948554485
1568,10000,6.90875477931522
1568,100000,7.0909098220799835
1568,1000000,7.244941546337007
1600,125,8.748463629942055
1600,1250,9.798182590890704
1600,12500,10.34177474101152
1601,4000,4.290459441148391
1601,40000,4.948759890378168
1629,200,3.784189633918261
1629,2000,4.51085950651685
1629,20000,5.198497031265826
1629,200000,5.771441123130016
1630,1250,2.4849066497880004
1637,200,3.9889840465642745
1637,2000,4.07753744390572
1637,10000,4.0943445622221
1642,125,7.8636512654486515
1642,1250,8.131824785007195
1642,12500,8.294299608857235
1675,200,9.210440366976517
1675,2000,9.680406499268875
1676,200,8.188966863648876
1676,2000,9.137877200242468
1677,200,9.90353755128617
1677,2000,10.275085591132715
1678,200,9.210440366976517
1678,2000,9.852246888342531
1679,200,9.546884034617925
1679,2000,9.90353755128617
1680,200,9.15915233520675
1680,2000,9.741027444837728
1681,200,9.169622538697624
1681,2000,9.680406499268875
1682,200,9.90353755128617
1682,2000,10.463131911491967
1683,200,10.165890277802454
1683,2000,10.165890277802454
1684,200,9.680406499268875
1684,2000,9.741027444837728
1685,200,8.630700432209832
1685,2000,8.716207971151853
1685,10000,8.748463629942055
1686,200,9.305741456739435
1686,2000,9.305741456739435
1686,20000,9.093918908958932
1687,-9999,9.741027444837728
1688,400,4.709530201312334
1688,4000,7.170888478512505
1688,40000,7.696667081526462
1715,20000,6.68586094706836
1719,125,7.244941546337007
1719,1250,8.853808274977197
1719,12500,9.61587214452889
1802,125,9.305741456739435
1802,1250,9.305741456739435
1802,12500,9.305741456739435
1806,50,2.70805020110221
1806,500,4.290459441148391
1806,5000,4.543294782270004
1807,50,3.044522437723423
1807,500,4.290459441148391
1807,5000,4.543294782270004
1809,4000,1.3862943611198906
1809,40000,2.70805020110221
1809,400000,5.8888779583328805
1810,4000,5.916202062607435
1810,40000,6.7464121285733745
1810,400000,8.131824785007195
1811,10000,4.343805421853684
1811,100000,5.14166355650266
1811,1000000,6.53813982376767
1812,125,8.268988209506656
1812,1250,8.764209507142004
1812,10000,9.116139576577355
1812,12500,9.116139576577355
1813,10000,4.875197323201151
1813,100000,5.442417710521793
1813,1000000,5.993961427306569
1815,100000,4.948759890378168
1815,1000000,5.564520407322694
1816,400,4.430816798843313
1816,4000,4.532599493153256
1816,40000,4.61512051684126
1816,400000,4.795790545596741
1817,125,9.852246888342531
1817,1250,10.12667110305036
1817,12500,10.239995502805316
1819,125,3.58351893845611
1819,1250,3.970291913552122
1819,12500,4.143134726391533
1819,125000,4.248495242049359
1820,1250,2.833213344056216
1820,125000,4.143134726391533
1821,125,3.6888794541139363
1821,1250,3.9512437185814275
1821,12500,4.127134385045092
1821,125000,4.248495242049359
1840,125,8.31898612539206
1840,1250,8.79497643168877
1840,12500,9.024131268455035
1854,125,4.442651256490317
1854,1250,6.236369590203704
1854,12500,6.55250788703459
1859,200,5.442417710521793
1859,2000,5.5254529391317835
1859,10000,5.5254529391317835
1860,200,4.532599493153256
1860,2000,4.709530201312334
1860,10000,4.709530201312334
1862,1250,7.244941546337007
1870,400,5.081404364984463
1870,4000,5.707110264748875
1870,40000,6.133398042996649
1871,12500,0.6931471805599453
1872,200,8.497194544909547
1872,2000,8.764209507142004
1872,20000,8.79497643168877
1873,125,7.438971592395862
1873,1250,7.741099090035366
1873,12500,7.901377353792616
1926,200,4.48863636973214
1926,2000,4.875197323201151
1926,20000,5.442417710521793
1926,200000,5.673323267171493
1927,1250,8.682877107057168
1927,12500,8.867990898182093
1931,4000,8.999742789830492
1931,40000,9.248456412508602
1931,400000,9.61587214452889
1932,4000,8.974744612722734
1932,40000,8.987321812850125
1932,400000,9.04793908261736
1933,200,8.537191877922927
1933,2000,8.497194544909547
1933,10000,8.699681400989514
1934,4000,8.824824939175638
1934,40000,8.936035096566041
1934,400000,9.210440366976517
1935,4000,8.31898612539206
1935,40000,8.612685172875459
1935,400000,9.012011377036412
1936,40000,1.0986122886681098
1936,400000,4.02535169073515
1937,2000,6.33810063348203
1937,20000,8.630700432209832
1937,200000,8.999742789830492
1938,2000,3.4563714102465877
1938,20000,3.8501476017100584
1938,200000,4.2626798770413155
1939,2000,1.791759469228055
1939,20000,2.302585092994046
1939,200000,2.6390573296152584
1940,2000,2.3978952727983707
1940,20000,2.5649493574615367
1940,200000,2.6390573296152584
1943,1000,4.795790545596741
1943,10000,6.447305862541213
1943,100000,7.00397413672268
1943,1000000,7.313886831633462
1944,1000,3.6109179126442243
1944,10000,4.343805421853684
1944,100000,5.638354669333745
1944,1000000,6.398594934535208
1947,125,9.741027444837728
1947,1250,9.798182590890704
1947,12499,9.852246888342531
1949,200,8.85969122658532
1949,2000,8.88043001787084
1949,20000,8.867990898182093
1950,4000,4.499809670330265
1950,40000,5.484796933490655
1950,400000,6.7464121285733745
1951,4000,3.295836866004329
1951,40000,5.5254529391317835
1951,400000,5.198497031265826
1952,200,9.19023970026918
1952,2000,9.146530498675165
1952,20000,9.006480305091973
1953,4000,7.783640596221253
1953,40000,7.741099090035366
1953,400000,7.937731775260109
1955,1000,8.987321812850125
1955,10000,9.19023970026918
1955,100000,9.392745258631441
1955,1000000,9.546884034617925
2161,10000,8.575650760987806
2161,100000,9.305741456739435
2161,1000000,9.798182590890704
2162,200000,2.6390573296152584
2164,4000,7.3783837129967145
2164,40000,7.696667081526462
2164,400000,7.741099090035366
2165,4000,7.0909098220799835
2165,40000,7.496097345175956
2165,400000,7.550135342488429
2166,4000,5.303304908059076
2166,40000,6.137280243424753
2166,400000,6.53813982376767
2167,4000,4.948759890378168
2167,40000,6.211378909989172
2167,400000,6.580639137284949
2168,4000,3.091042453358316
2168,40000,4.934635298505573
2168,400000,4.189654742026425
2169,4000,4.795790545596741
2169,40000,5.707110264748875
2169,400000,6.175867270105761
2171,20000,3.8918202981106265
2173,200000,3.58351893845611
2174,200000,2.5649493574615367
2180,400,3.6109179126442243
2180,4000,4.127134385045092
2180,40000,5.25227342804663
2180,400000,5.638354669333745
2181,40000,2.1972245773362196
2181,400000,3.5553480614894135
2182,400,5.831882477283517
2182,4000,6.154858094016418
2182,40000,6.293419278846481
2182,400000,6.46302945692067
2183,400,1.0986122886681098
2183,4000,1.791759469228055
2183,40000,2.5649493574615367
2183,400000,3.5553480614894135
2184,400,3.871201010907891
2184,4000,3.9512437185814275
2184,40000,4.007333185232471
2185,400,4.442651256490317
2185,4000,4.875197323201151
2185,40000,5.198497031265826
2185,400000,5.802118375377063
2186,400,4.060443010546419
2186,4000,4.543294782270004
2186,40000,4.948759890378168
2186,400000,5.739792912179234
2187,400,4.143134726391533
2187,4000,4.5217885770490405
2187,40000,4.875197323201151
2187,400000,5.198497031265826
2188,400,5.5254529391317835
2188,4000,5.942799375126701
2188,40000,6.46302945692067
2188,400000,6.769641976852503
2189,400,5.771441123130016
2189,4000,6.311734809152915
2189,40000,6.647688373563329
2189,400000,7.601402334583733
2190,400,5.442417710521793
2190,4000,5.831882477283517
2190,40000,6.255750041753367
2190,400000,6.7464121285733745
2191,400,6.111467339502679
2191,4000,6.311734809152915
2191,40000,6.660575149839686
2191,400000,7.00397413672268
2192,400,7.170888478512505
2192,4000,7.550135342488429
2192,40000,8.24301946898925
2192,400000,8.31898612539206
2193,400,7.937731775260109
2193,4000,8.188966863648876
2193,40000,8.412054873292933
2193,400000,8.612685172875459
2194,400,6.734591659972948
2194,4000,7.244941546337007
2194,40000,7.601402334583733
2194,400000,7.824445930877619
2195,400,5.14166355650266
2195,4000,5.993961427306569
2195,40000,6.3818160174060985
2195,400000,6.769641976852503
2196,40000,4.709530201312334
2197,400,3.5263605246161616
2197,4000,3.5553480614894135
2197,400000,5.564520407322694
2198,-9999,10.34177474101152
2198,125,8.824824939175638
2198,1250,9.798182590890704
2208,125,9.305741456739435
2208,1250,9.392745258631441
2208,12500,9.798182590890704
2252,125,7.3783837129967145
2252,1250,7.550135342488429
2252,12500,7.696667081526462
2265,125,4.61512051684126
2265,1250,5.14166355650266
2265,10000,5.5254529391317835
2266,400,5.993961427306569
2266,4000,5.5254529391317835
2266,40000,6.133398042996649
2266,400000,6.19644412779452
2272,1000,8.853808274977197
2272,10000,8.987321812850125
2272,100000,9.200391041122515
2272,1000000,9.392745258631441
2273,1250,10.308985993422082
2273,12500,10.434145214930487
2283,-9999,9.61587214452889
2284,400,9.99884318585288
2284,4000,10.043292972227004
2284,40000,10.085850775128717
2284,400000,10.085850775128717
2296,400,6.175867270105761
2296,4000,6.274762021241939
2296,40000,6.508769136971682
2296,400000,7.00397413672268
2297,400,6.2166061010848646
2297,4000,6.447305862541213
2297,40000,6.734591659972948
2297,400000,7.00397413672268
2298,4000,2.302585092994046
2298,40000,2.302585092994046
2298,400000,2.5649493574615367
2299,400,7.313886831633462
2299,4000,7.313886831633462
2299,40000,7.3783837129967145
2299,400000,7.3783837129967145
2300,4000,4.382026634673881
2300,40000,4.394449154672439
2300,400000,4.406719247264253
2301,4000,2.9444389791664403
2301,40000,2.995732273553991
2301,400000,2.995732273553991
2302,4000,3.295836866004329
2302,40000,3.332204510175204
2302,400000,3.367295829986474
2303,4000,5.993961427306569
2303,40000,6.111467339502679
2303,400000,6.274762021241939
2304,4000,1.0986122886681098
2304,40000,1.0986122886681098
2304,400000,1.0986122886681098
2305,4000,5.638354669333745
2305,40000,5.942799375126701
2305,400000,6.255750041753367
2306,4000,2.0794415416798357
2306,40000,2.0794415416798357
2306,400000,2.0794415416798357
2307,4000,6.792344427470809
2307,40000,6.85751406254539
2307,400000,6.90875477931522
2308,4000,5.771441123130016
2308,40000,5.802118375377063
2308,400000,5.831882477283517
2309,4000,5.017279836814924
2309,40000,5.081404364984463
2309,400000,5.14166355650266
2310,4000,6.493753839851686
2310,40000,6.55250788703459
2310,400000,6.608000625296087
2311,40000,0.6931471805599453
2311,400000,2.1972245773362196
2312,4000,6.478509642208569
2312,40000,6.55250788703459
2312,400000,6.608000625296087
2313,4000,2.3978952727983707
2313,40000,2.3978952727983707
2313,400000,2.3978952727983707
2314,4000,5.484796933490655
2314,40000,5.564520407322694
2314,400000,5.638354669333745
2315,400,5.484796933490655
2315,4000,5.564520407322694
2315,40000,5.707110264748875
2315,400000,5.802118375377063
2316,400,7.972810784121404
2316,4000,7.972810784121404
2316,40000,8.188966863648876
2316,400000,8.366602832783736
2317,400,1.3862943611198906
2317,4000,1.6094379124341003
2317,40000,3.091042453358316
2317,400000,4.543294782270004
2318,4000,4.795790545596741
2318,40000,4.875197323201151
2318,400000,5.081404364984463
2319,400,6.878326468291325
2319,4000,7.0909098220799835
2319,40000,7.3783837129967145
2319,400000,7.550135342488429
2320,4000,3.828641396489095
2320,40000,4.709530201312334
2320,400000,5.14166355650266
2321,4000,6.660575149839686
2321,40000,6.698268054115413
2321,400000,6.7464121285733745
2322,4000,4.23410650459726
2322,40000,4.454347296253507
2322,400000,4.61512051684126
2323,4000,1.0986122886681098
2323,40000,1.0986122886681098
2323,400000,1.0986122886681098
2324,4000,4.795790545596741
2324,40000,5.081404364984463
2324,400000,5.5254529391317835
2325,4000,2.6390573296152584
2325,40000,2.833213344056216
2325,400000,3.8066624897703196
2326,4000,2.4849066497880004
2326,40000,2.6390573296152584
2326,400000,3.044522437723423
2327,4000,2.0794415416798357
2327,40000,2.1972245773362196
2327,400000,2.6390573296152584
2328,4000,5.198497031265826
2328,40000,5.351858133476067
2328,400000,5.442417710521793
2329,4000,0.6931471805599453
2329,40000,0.6931471805599453
2329,400000,0.6931471805599453
2330,4000,4.875197323201151
2330,40000,5.017279836814924
2330,400000,5.14166355650266
2331,4000,5.442417710521793
2331,40000,5.5254529391317835
2331,400000,5.602118820879701
2332,4000,4.418840607796598
2332,40000,4.709530201312334
2332,400000,4.795790545596741
2333,4000,1.9459101490553132
2333,40000,2.70805020110221
2333,400000,3.6635616461296463
2334,4000,0.6931471805599453
2334,40000,0.6931471805599453
2334,400000,0.6931471805599453
2335,4000,2.9444389791664403
2335,40000,3.258096538021482
2335,400000,4.31748811353631
2336,4000,2.4849066497880004
2336,40000,4.356708826689592
2336,400000,4.709530201312334
2337,4000,3.2188758248682006
2337,40000,3.258096538021482
2337,400000,3.295836866004329
2338,4000,6.018593214496234
2338,40000,6.042632833682381
2338,400000,6.066108090103747
2339,4000,5.5254529391317835
2339,40000,5.564520407322694
2339,400000,5.602118820879701
2340,4000,5.916202062607435
2340,40000,5.968707559985366
2340,400000,6.042632833682381
2341,400000,5.739792912179234
2342,4000,5.638354669333745
2342,40000,5.707110264748875
2343,4000,6.2166061010848646
2343,40000,6.329720905522696
2344,400000,6.447305862541213
2345,4000,4.1588830833596715
2345,40000,4.189654742026425
2345,400000,4.219507705176107
2346,4000,3.970291913552122
2346,40000,4.02535169073515
2346,400000,4.110873864173311
2347,4000,4.07753744390572
2347,40000,4.143134726391533
2347,400000,4.204692619390966
2348,4000,1.6094379124341003
2348,40000,1.6094379124341003
2348,400000,1.6094379124341003
2349,400,5.198497031265826
2349,4000,5.25227342804663
2349,40000,5.351858133476067
2349,400000,5.3981627015177525
2350,4000,6.415096959171596
2350,40000,6.46302945692067
2350,400000,6.523562306149512
2351,400,4.795790545596741
2351,4000,4.948759890378168
2351,40000,5.017279836814924
2351,400000,5.14166355650266
2352,4000,4.1588830833596715
2352,40000,4.204692619390966
2352,400000,4.23410650459726
2353,4000,0.6931471805599453
2353,40000,0.6931471805599453
2353,400000,0.6931471805599453
2354,4000,2.302585092994046
2354,40000,2.302585092994046
2354,400000,2.302585092994046
2355,400,4.290459441148391
2355,4000,4.330733340286331
2355,40000,4.356708826689592
2355,400000,4.543294782270004
2356,4000,4.343805421853684
2356,40000,4.3694478524670215
2356,400000,4.61512051684126
2357,4000,4.127134385045092
2357,40000,4.394449154672439
2357,400000,4.61512051684126
2358,4000,2.302585092994046
2358,40000,2.302585092994046
2358,400000,2.70805020110221
2359,4000,4.248495242049359
2360,40000,4.61512051684126
2360,400000,4.795790545596741
2361,4000,0.6931471805599453
2361,40000,0.6931471805599453
2361,400000,0.6931471805599453
2362,4000,3.8501476017100584
2362,40000,4.007333185232471
2362,400000,4.356708826689592
2363,4000,5.198497031265826
2363,40000,5.442417710521793
2363,400000,5.638354669333745
2364,4000,4.948759890378168
2364,40000,5.017279836814924
2364,400000,5.14166355650266
2365,4000,5.081404364984463
2365,40000,5.14166355650266
2365,400000,5.25227342804663
2366,400,4.465908118654584
2366,4000,4.875197323201151
2366,40000,5.564520407322694
2366,400000,6.089044875446846
2367,400,5.25227342804663
2367,4000,5.3981627015177525
2367,40000,5.5254529391317835
2367,400000,5.673323267171493
2368,4000,2.5649493574615367
2368,40000,2.6390573296152584
2368,400000,2.70805020110221
2369,4000,5.707110264748875
2369,40000,5.771441123130016
2369,400000,5.831882477283517
2383,4000,7.3783837129967145
2383,40000,7.548749839879845
2383,400000,7.824445930877619
2384,4000,7.00397413672268
2384,40000,7.3783837129967145
2384,400000,7.696667081526462
2385,4000,2.995732273553991
2385,40000,3.4339872044851463
2385,400000,5.831882477283517
2386,4000,3.091042453358316
2386,40000,3.2156655409667394
2386,400000,3.8066624897703196
2387,2000,6.580639137284949
2387,20000,6.90875477931522
2387,200000,7.244941546337007
2388,2000,5.8888779583328805
2388,20000,6.080272485046745
2388,200000,5.993961427306569
2389,4000,8.071218539969863
2389,40000,8.268988209506656
2389,400000,8.38958706681109
2390,2000,6.660575149839686
2390,20000,6.7464121285733745
2390,200000,6.85751406254539
2391,4000,1.6094379124341003
2391,40000,5.178950771188077
2391,400000,1.791759469228055
2392,2000,6.111467339502679
2392,20000,6.689169794666828
2392,200000,6.787413920395617
2393,4000,3.5553480614894135
2393,40000,5.479256806520658
2393,400000,7.170888478512505
2394,4000,6.523562306149512
2394,40000,7.788795278080024
2394,400000,9.546884034617925
2395,4000,7.0909098220799835
2395,40000,7.902714623615078
2395,400000,7.901377353792616
2396,2000,6.594413459749778
2396,20000,6.709334827133708
2396,200000,6.7580945044277305
2397,2000,6.594413459749778
2397,20000,6.875742485959835
2397,200000,6.769641976852503
2398,4000,6.398594934535208
2398,40000,5.174503180050733
2398,400000,7.438971592395862
2399,4000,4.330733340286331
2399,40000,5.802118375377063
2399,400000,6.608000625296087
2400,4000,1.791759469228055
2400,40000,2.5649493574615367
2400,400000,3.9889840465642745
2401,4000,0.6931471805599453
2401,40000,3.091042453358316
2401,400000,6.018593214496234
2402,4000,5.442417710521793
2402,40000,6.364750756851911
2402,400000,7.244941546337007
2414,125,2.3978952727983707
2414,1250,2.3978952727983707
2414,12500,3.1780538303479458
2418,2000,7.824445930877619
2418,20000,8.81001204797317
2423,200,4.992072727776791
2423,2000,5.303304908059076
2423,20000,5.831882477283517
2423,200000,6.431331081933479
2425,1000,4.532599493153256
2425,10000,4.795790545596741
2425,100000,5.017279836814924
2425,1000000,5.14166355650266
2519,125,9.024131268455035
2519,1250,9.392745258631441
2519,12500,9.472781556562168
2523,125,5.564520407322694
2523,1250,7.170888478512505
2523,12500,8.216358332386156
2531,125,6.236369590203704
2531,1250,6.566672429803241
2531,12500,6.566672429803241
2532,400,4.30406509320417
2532,4000,4.430816798843313
2532,40000,4.709530201312334
2532,400000,5.081404364984463
2548,400,5.968707559985366
2548,4000,6.042632833682381
2548,40000,6.089044875446846
2548,400000,6.154858094016418
2550,40000,2.9444389791664403
2550,400000,5.198497031265826
2554,125,5.968707559985366
2554,1250,7.601402334583733
2554,12500,8.188966863648876
2820,10000,2.3978952727983707
2820,100000,3.6635616461296463
2820,1000000,4.574710978503383
2821,1000,6.3818160174060985
2821,10000,6.698268054115413
2821,100000,7.0909098220799835
2821,1000000,7.937731775260109
2822,10000,9.024131268455035
2822,100000,9.305741456739435
2822,1000000,9.392745258631441
2837,10000,6.018593214496234
2837,100000,6.7464121285733745
2837,1000000,7.244941546337007
2838,125,8.216358332386156
2838,1250,8.101980731853192
2838,12500,7.937731775260109
2843,1000,5.017279836814924
2843,10000,5.771441123130016
2843,100000,6.311734809152915
2843,1000000,7.3783837129967145
2845,2000,2.5649493574615367
2845,20000,2.995732273553991
2846,4000,6.111467339502679
2846,40000,6.46302945692067
2847,4000,1.3862943611198906
2847,40000,1.3862943611198906
2848,4000,6.508769136971682
2848,40000,6.8885724595653635
2849,2000,3.332204510175204
2849,20000,5.081404364984463
2850,2000,5.771441123130016
2850,20000,6.493753839851686
2851,2000,0.6931471805599453
2851,20000,1.3862943611198906
2852,2000,4.406719247264253
2852,20000,5.351858133476067
2853,4000,3.258096538021482
2853,40000,3.5263605246161616
2854,4000000,6.4354921954983535
2928,10000,8.699681400989514
2928,100000,8.987321812850125
2928,1000000,9.19023970026918
2929,1000,8.612685172875459
2929,10000,9.305741456739435
2929,100000,9.741027444837728
2929,1000000,9.99884318585288
2930,10000,7.00397413672268
2930,100000,7.438971592395862
2930,1000000,8.294299608857235
2931,10000,4.219507705176107
2931,100000,5.081404364984463
2931,1000000,6.154858094016418
2932,200000,1.0986122886681098
2932,928315,1.6094379124341003
2934,1250,8.81001204797317
2934,12500,8.895766604056085
2937,400,7.313886831633462
2937,4000,8.824824939175638
2937,400000,9.210440366976517
2938,1250,3.58351893845611
2940,1250,9.093918908958932
2941,125,9.116139576577355
2941,1250,9.472781556562168
2941,12500,9.472781556562168
2942,125,9.680406499268875
2942,1250,9.798182590890704
2942,12500,9.852246888342531
2943,1250,9.741027444837728
2944,125,9.392745258631441
2944,1250,9.546884034617925
2944,12500,9.680406499268875
2945,200,8.188966863648876
2945,2000,8.575650760987806
2945,20000,8.748463629942055
2947,2000,3.9889840465642745
2947,20000,4.276666119016055
2947,200000,4.61512051684126
2948,400,7.00397413672268
2948,4000,7.244941546337007
2948,40000,7.601402334583733
2948,400000,8.03947991910045
2949,4000,8.216358332386156
2949,40000,8.294299608857235
2949,400000,8.412054873292933
2950,4000,8.188966863648876
2950,40000,8.24301946898925
2950,400000,8.412054873292933
2951,4000,2.302585092994046
2951,40000,2.3978952727983707
2951,400000,2.4849066497880004
2952,2000,2.1972245773362196
2952,20000,2.3978952727983707
2952,200000,2.70805020110221
2953,400000,6.111467339502679
2954,4000,4.948759890378168
2954,40000,5.968707559985366
2954,400000,6.154858094016418
2955,2000,2.1972245773362196
2955,20000,2.4849066497880004
2955,200000,3.258096538021482
2956,2000,4.343805421853684
2956,20000,5.449202302432736
2956,200000,5.017279836814924
2957,4000,2.1972245773362196
2957,40000,2.1972245773362196
2957,400000,4.447403685684312
2958,1250,9.90353755128617
2958,12500,10.165890277802454
2977,400,4.31748811353631
2977,4000,7.650168700845001
2977,40000,8.03947991910045
2996,1000,5.5254529391317835
2996,10000,6.274762021241939
2996,100000,6.78105762593618
2996,1000000,7.313886831633462
2997,1000,5.564520407322694
2997,10000,6.111467339502679
2997,100000,7.00397413672268
2997,1000000,7.601402334583733
2998,10000,7.244941546337007
2998,100000,7.901377353792616
2998,1000000,8.517393171418904
2999,1000,7.0909098220799835
2999,10000,7.438971592395862
2999,100000,7.650168700845001
2999,1000000,8.006700845440367
3009,4000,7.496097345175956
3009,40000,7.8636512654486515
3009,400000,8.216358332386156
3010,400,6.066108090103747
3011,10000,8.867990898182093
3011,100000,9.305741456739435
3012,1000000,9.546884034617925
3014,1250,9.852246888342531
3015,125,9.798182590890704
3015,1250,9.99884318585288
3015,12500,9.90353755128617
3016,125,7.170888478512505
3016,1250,7.438971592395862
3016,12500,7.601402334583733
3024,125,6.68586094706836
3024,1250,7.170888478512505
3024,12500,7.3783837129967145
3025,400,6.90875477931522
3025,4000,7.170888478512505
3025,40000,7.0909098220799835
3025,400000,7.170888478512505
3027,1000,7.438971592395862
3027,10000,7.650168700845001
3027,100000,7.8636512654486515
3027,1000000,8.006700845440367
3028,1000,7.438971592395862
3028,10000,7.650168700845001
3028,100000,7.8636512654486515
3028,1000000,8.006700845440367
3077,200,8.556606193773073
3077,2000,8.79497643168877
3077,20000,8.824824939175638
3081,200,6.431331081933479
3081,2000,6.580639137284949
3082,125,7.0909098220799835
3082,1250,7.901377353792616
3082,12500,8.160803920954665
3083,125,8.071218539969863
3083,1250,8.24301946898925
3083,12500,8.31898612539206
3084,10000,7.0909098220799835
3084,100000,7.170888478512505
3084,1000000,7.438971592395862
3085,10000,8.556606193773073
3085,100000,8.922791623969637
3085,1000000,9.210440366976517
3086,200,2.8903717578961645
3086,2000,3.4339872044851463
3086,20000,3.784189633918261
3086,200000,3.871201010907891
3098,4000,4.02535169073515
3098,40000,4.51085950651685
3099,4000,3.970291913552122
3099,40000,4.1588830833596715
3100,2000,2.9444389791664403
3100,20000,3.332204510175204
3101,2000,1.6094379124341003
3101,20000,2.0794415416798357
3102,2000,3.713572066704308
3102,20000,4.0943445622221
3103,2000,1.6094379124341003
3103,20000,2.0794415416798357
3104,2000,3.295836866004329
3104,20000,4.795790545596741
3118,2000,5.707110264748875
3121,2000,3.5553480614894135
3121,20000,3.828641396489095
3121,200000,4.0943445622221
3125,200,4.406719247264253
3125,2000,4.61512051684126
3125,20000,4.948759890378168
3127,40000,0.6931471805599453
3127,400000,4.48863636973214
3178,2000,7.0909098220799835
3178,20000,7.3783837129967145
3178,200000,7.438971592395862
3179,2000,8.188966863648876
3179,20000,8.24301946898925
3179,200000,8.24301946898925
3180,2000,8.131824785007195
3180,20000,8.216358332386156
3180,200000,8.101980731853192
3181,2000,8.188966863648876
3181,20000,8.294299608857235
3181,200000,8.160803920954665
3182,2000,8.798412816237203
3182,20000,8.748463629942055
3182,200000,9.04793908261736
3185,1000,7.438971592395862
3185,10000,7.783640596221253
3185,100000,8.131824785007195
3185,1000000,8.38958706681109
3186,1000,8.31898612539206
3186,10000,8.648396877031582
3186,100000,8.853808274977197
3186,1000000,9.012011377036412
3187,1000,5.3981627015177525
3187,10000,6.042632833682381
3187,100000,6.3818160174060985
3187,1000000,6.634633357861686
3208,200,8.31898612539206
3208,2000,8.497194544909547
3208,20000,8.575650760987806
3209,200,6.364750756851911
3209,2000,6.634633357861686
3209,20000,6.769641976852503
3210,2000,3.8918202981106265
3210,20000,4.02535169073515
3211,125,3.8918202981106265
3211,1250,4.30406509320417
3211,10000,4.795790545596741
3214,200,8.434028950155469
3214,2000,8.79497643168877
3214,20000,8.824824939175638
3231,1000,2.995732273553991
3231,10000,4.875197323201151
3231,100000,6.364750756851911
3231,1000000,6.878326468291325
3232,1000,8.594339400592892
3232,10000,8.665785595466064
3232,100000,8.909370405197466
3232,1000000,9.071193240566025
3233,-9999,9.392745258631441
3243,125,9.680406499268875
3243,1250,9.680406499268875
3243,12500,9.741027444837728
3252,400,8.38958706681109
3252,4000,8.434028950155469
3252,40000,8.434028950155469
3252,400000,8.497194544909547
3253,4000,1.6094379124341003
3253,40000,6.293419278846481
3253,400000,7.824445930877619
3254,400,4.875197323201151
3254,4000,5.017279836814924
3254,40000,5.198497031265826
3254,400000,5.351858133476067
3255,400,4.174387269895637
3255,4000,4.343805421853684
3255,40000,4.795790545596741
3255,400000,5.303304908059076
3256,400,6.478509642208569
3256,4000,7.3783837129967145
3256,40000,7.824445930877619
3256,400000,8.24301946898925
3257,125,9.305741456739435
3257,1250,9.392745258631441
3257,12500,9.472781556562168
3260,125,9.127067452782361
3260,1250,9.90353755128617
3260,2000,9.99884318585288
3261,125,9.680406499268875
3261,1250,10.275085591132715
3261,2000,10.373522431293592
3274,200,6.111467339502679
3274,2000,6.364750756851911
3274,10000,6.154858094016418
3275,2000,6.46302945692067
3275,20000,6.566672429803241
3276,200,2.6390573296152584
3276,2000,3.4657359027997265
3276,10000,3.6109179126442243
3277,200,4.584967478670572
3277,2000,4.875197323201151
3277,10000,4.875197323201151
3281,125,9.305741456739435
3281,1250,9.392745258631441
3281,12500,9.472781556562168
3296,400,4.350090596376676
3296,4000,5.6171610282258255
3296,40000,6.0336552266191585
3296,400000,4.5217885770490405
3297,400,5.8888779583328805
3297,4000,6.274762021241939
3297,40000,6.621405651764134
3299,200,8.79497643168877
3299,2000,8.936035096566041
3299,20000,8.94910546953925
3300,400,5.351858133476067
3300,4000,3.9889840465642745
3300,40000,5.081404364984463
3300,400000,6.19644412779452
3301,400,6.19644412779452
3301,4000,4.04305126783455
3301,40000,6.154858094016418
3301,400000,6.594413459749778
3302,400,6.634633357861686
3302,4000,5.993961427306569
3302,40000,6.8885724595653635
3302,400000,7.3783837129967145
3303,400,6.133398042996649
3303,4000,2.70805020110221
3303,40000,4.61512051684126
3303,400000,5.198497031265826
3304,400,6.608000625296087
3304,4000,6.066108090103747
3304,40000,6.90875477931522
3304,400000,7.696667081526462
3305,400,7.170888478512505
3305,4000,7.0909098220799835
3305,40000,7.550135342488429
3305,400000,7.696667081526462
3306,400,6.90875477931522
3306,4000,6.734591659972948
3306,40000,7.00397413672268
3306,400000,7.438971592395862
3307,400,6.364750756851911
3307,4000,6.90875477931522
3307,40000,7.244941546337007
3307,400000,7.696667081526462
3308,400,4.48863636973214
3308,4000,4.709530201312334
3308,40000,5.831882477283517
3308,400000,7.650168700845001
3309,400,0.6931471805599453
3309,4000,2.833213344056216
3309,40000,3.8066624897703196
3309,400000,4.382026634673881
3310,400,4.174387269895637
3310,4000,4.948759890378168
3310,40000,5.860786223465865
3310,400000,6.133398042996649
3311,400,5.303304908059076
3311,4000,5.771441123130016
3311,40000,5.993961427306569
3311,400000,6.311734809152915
3312,400,3.7376696182833684
3312,4000,4.204692619390966
3312,40000,4.709530201312334
3312,400000,5.602118820879701
3313,400,3.6109179126442243
3313,4000,3.9889840465642745
3313,40000,4.356708826689592
3313,400000,5.442417710521793
3314,400,3.6888794541139363
3314,4000,3.970291913552122
3314,40000,4.875197323201151
3314,400000,5.802118375377063
3315,400,0.6931471805599453
3315,4000,0.6931471805599453
3315,40000,1.0986122886681098
3316,400,6.415096959171596
3316,4000,6.698268054115413
3316,40000,7.00397413672268
3316,400000,7.496097345175956
3317,400,4.948759890378168
3317,4000,5.198497031265826
3317,40000,5.442417710521793
3317,400000,6.175867270105761
3318,400,4.709530201312334
3318,4000,4.948759890378168
3318,40000,5.017279836814924
3318,400000,5.25227342804663
3319,400,2.5649493574615367
3319,4000,3.1780538303479458
3319,40000,3.9318256327243257
3319,400000,5.14166355650266
3320,400,2.995732273553991
3320,4000,3.4339872044851463
3320,40000,4.553876891600541
3320,400000,4.709530201312334
3321,400,6.089044875446846
3321,4000,6.19644412779452
3321,40000,6.8885724595653635
3321,400000,7.00397413672268
3322,4000,0.6931471805599453
3322,40000,0.6931471805599453
3323,400,7.741099090035366
3323,4000,8.006700845440367
3323,40000,8.268988209506656
3324,400000,8.476579508530941
3325,400,7.3783837129967145
3325,4000,7.601402334583733
3325,40000,7.8636512654486515
3325,400000,8.216358332386156
3326,400,4.454347296253507
3326,4000,6.018593214496234
3326,40000,6.90875477931522
3326,400000,7.313886831633462
3328,400,2.6390573296152584
3328,4000,2.8903717578961645
3328,40000,3.4657359027997265
3329,400,2.4849066497880004
3329,4000,2.772588722239781
3329,40000,2.995732273553991
3330,400,1.3862943611198906
3330,4000,2.1972245773362196
3330,40000,3.2188758248682006
3331,400,4.290459441148391
3331,4000,5.14166355650266
3331,40000,5.916202062607435
3331,400000,6.523562306149512
3332,400,4.2626798770413155
3332,4000,5.3981627015177525
3332,40000,5.8888779583328805
3333,400,5.860786223465865
3333,4000,6.042632833682381
3333,40000,6.398594934535208
3334,400,4.0943445622221
3334,4000,5.14166355650266
3334,40000,5.771441123130016
3334,400000,5.993961427306569
3335,400,1.6094379124341003
3335,4000,1.791759469228055
3335,40000,4.31748811353631
3336,4000,3.8501476017100584
3336,40000,5.484796933490655
3337,400,4.343805421853684
3337,4000,5.3981627015177525
3337,40000,6.066108090103747
3338,400,1.6094379124341003
3338,4000,2.8903717578961645
3338,40000,3.7376696182833684
3338,400000,5.638354669333745
3339,400,1.791759469228055
3339,4000,2.0794415416798357
3339,40000,2.9444389791664403
3340,400,2.0794415416798357
3340,4000,2.8903717578961645
3340,40000,3.58351893845611
3341,400,2.833213344056216
3341,4000,3.2188758248682006
3341,40000,3.7376696182833684
3342,400,2.4849066497880004
3342,4000,4.430816798843313
3342,40000,5.351858133476067
3342,400000,5.860786223465865
3343,400,4.343805421853684
3343,4000,4.795790545596741
3343,40000,5.081404364984463
3344,400,2.302585092994046
3344,4000,2.70805020110221
3344,40000,2.9444389791664403
3345,400,4.0943445622221
3345,4000,4.61512051684126
3345,40000,5.017279836814924
3346,40000,4.925307031464531
3346,400000,6.042632833682381
3347,400,2.302585092994046
3347,4000,3.044522437723423
3347,40000,3.6635616461296463
3348,400,5.198497031265826
3348,4000,5.5254529391317835
3348,40000,5.638354669333745
3348,400000,5.739792912179234
3349,400,2.4849066497880004
3349,4000,2.6390573296152584
3349,40000,2.772588722239781
3350,400,3.912023005428146
3350,4000,4.219507705176107
3350,40000,4.499809670330265
3351,4000,1.3862943611198906
3351,40000,2.1972245773362196
3352,400,3.367295829986474
3352,4000,3.4965075614664802
3352,40000,3.7612001156935624
3352,400000,4.418840607796598
3353,400,3.044522437723423
3354,4000,3.295836866004329
3355,400,4.04305126783455
3355,4000,4.3694478524670215
3355,40000,4.59511985013459
3356,400,3.044522437723423
3356,4000,3.367295829986474
3356,40000,4.248495242049359
3357,400,1.6094379124341003
3357,4000,2.5649493574615367
3357,40000,3.091042453358316
3358,400,5.351858133476067
3358,4000,5.739792912179234
3358,40000,6.018593214496234
3359,400,5.303304908059076
3359,4000,5.602118820879701
3359,40000,5.916202062607435
3359,400000,6.111467339502679
3360,400,4.875197323201151
3360,4000,5.081404364984463
3360,40000,5.198497031265826
3361,400,2.772588722239781
3361,4000,3.6375861597263857
3361,40000,4.499809670330265
3362,400,2.9444389791664403
3362,4000,3.9889840465642745
3362,40000,4.406719247264253
3363,400,3.1354942159291497
3363,4000,4.3694478524670215
3363,40000,4.948759890378168
3364,400,3.7376696182833684
3364,4000,4.110873864173311
3364,40000,4.382026634673881
3365,4000,0.6931471805599453
3365,40000,2.1972245773362196
3366,400,3.258096538021482
3366,4000,3.6109179126442243
3366,40000,3.828641396489095
3367,1250,8.682877107057168
3367,12500,8.867990898182093
3418,2000,7.741099090035366
3418,10000,7.601402334583733
3419,2000,7.696667081526462
3419,40000,6.7226297948554485
3427,400,4.454347296253507
3427,4000,4.709530201312334
3427,40000,4.875197323201151
3427,400000,5.081404364984463
3428,400,2.4849066497880004
3428,4000,2.4849066497880004
3428,40000,4.189654742026425
3428,400000,4.948759890378168
3429,400,4.499809670330265
3429,4000,4.532599493153256
3429,40000,4.709530201312334
3429,400000,4.948759890378168
3430,400,5.673323267171493
3430,4000,5.860786223465865
3430,40000,5.968707559985366
3430,400000,6.066108090103747
3432,1000,7.170888478512505
3432,10000,7.313886831633462
3432,100000,7.741099090035366
3432,1000000,8.101980731853192
3459,1000,8.434028950155469
3459,10000,8.630700432209832
3459,100000,8.81001204797317
3459,1000000,8.987321812850125
3460,1000,8.294299608857235
3460,10000,8.31898612539206
3460,100000,8.343077871169383
3460,1000000,8.366602832783736
3463,1000,6.175867270105761
3463,10000,6.594413459749778
3463,100000,6.825460036255307
3463,1000000,6.90875477931522
3464,125,6.608000625296087
3464,1250,6.68586094706836
3464,12500,6.734591659972948
3465,125,4.07753744390572
3465,1250,6.415096959171596
3465,12500,7.496097345175956
3466,20000,4.574710978503383
3467,200,7.741099090035366
3467,2000,8.24301946898925
3467,20000,8.366602832783736
3468,200,8.071218539969863
3468,2000,8.268988209506656
3468,20000,8.38958706681109
3469,125,2.6390573296152584
3469,1250,2.772588722239781
3469,12500,2.8903717578961645
3470,4000,5.993961427306569
3471,125,4.795790545596741
3471,1250,6.329720905522696
3471,12500,6.734591659972948
3472,125,7.313886831633462
3472,1250,7.824445930877619
3472,12500,8.160803920954665
3473,125,7.3783837129967145
3473,1250,7.972810784121404
3473,12500,8.268988209506656
3474,125,8.895766604056085
3474,1250,9.179984251961283
3474,12500,9.305741456739435
3475,125,9.15915233520675
3475,1250,9.305741456739435
3475,12500,9.392745258631441
